"hhid_village","hhid","group","hh_15_2","hh_26_","hh_27_","hh_30_","hh_35_"
"010A1","010A021","Control",1.37095844714667,1.02914071931376,2.32505849371513,-0.601382997836582,0.25057806717021
"010A1","010A022","Control",-0.564698171396089,0.914774867719613,0.524122181151092,-0.135816136579885,-0.277924049161014
"010A1","010A023","Control",0.363128411337339,-0.00245626667956324,0.970733416408591,-0.987272784920511,-1.72473573426284
"010A1","010A024","Control",0.63286260496104,0.136009552413727,0.376973397152614,0.831925014618268,-2.00670494385569
"010A1","010A025","Control",0.404268323140999,-0.720153544943125,-0.995933396542156,-0.795059516415481,-1.29180833046846
"010A1","010A026","Control",-0.106124516091484,-0.198124330051216,-0.597482913048045,0.340464612015827,0.365838228483296
"010A1","010A027","Control",1.51152199743894,-1.02920880604827,0.165251423080152,0.870429820346914,-0.152203253908431
"010A1","010A028","Control",-0.0946590384130976,-0.966955895852616,-2.92847717857757,-1.18216100524638,-0.734094090076209
"010A1","010A029","Control",2.01842371387704,-1.22081308891909,-0.847914226578549,1.02289397573496,-0.781972056981591
"010A1","010A0210","Control",-0.062714099052421,0.836207703944837,0.798584512223446,-2.10843457624333,0.551567034812709
"010A1","010A0211","Control",1.30486965422349,1.1149717984954,-0.298455987965219,0.229762637699325,-1.61084098443007
"010A1","010A0212","Control",2.28664539270111,-0.412944852927091,-0.283611376945371,1.51171079155376,0.748176433090443
"010A1","010A0213","Control",-1.38886070111234,-1.12897739800683,0.869519306648764,0.555437989150677,0.449296011237588
"010A1","010A0214","Control",-0.278788766817371,-0.0879313317770513,-0.544355284698977,0.914878801249372,-0.870062520443655
"010A1","010A0215","Control",-0.133321336393658,2.24190369331262,0.628803235377603,-0.553396624279516,-0.0977479313579405
"010A1","010A0216","Control",0.635950398070074,2.04131317075049,-1.42233445794539,0.298376089510017,0.893100213716266
"010A1","010A0217","Control",-0.284252921416072,-1.71980033672145,-1.22751263333428,1.10637953965214,1.35091509526625
"010A1","010A0218","Control",-2.65645542090478,-0.356906656122387,-1.67410551574443,-1.32914958483242,1.4889703943085
"010A1","010A0219","Control",-2.44046692857552,1.53328049216229,0.0843984822448787,1.00169412888602,0.371067212847268
"010A1","010A0220","Control",1.32011334573019,-0.0382440966102368,-0.2061256639704,-1.40930387375741,-0.214473243512569
"010A1","010A0221","Control",-0.306638594078475,1.59741324232643,1.44187164028206,-0.498781024681268,0.455494589939145
"010A1","010A0222","Control",-1.78130843398,-0.333585393309883,-0.0417821033853644,2.62275685248845,-0.258111110256068
"010A1","010A0223","Control",-0.171917355759621,0.604985923915378,1.35375447776378,0.510665566028528,-1.00292375210412
"010A1","010A0224","Control",1.2146746991726,0.224241239250251,1.94522527592283,-0.0908431942191986,0.844143482797941
"010A1","010A0225","Control",1.89519346126497,3.22906949548006,-0.490938233708141,0.978765679210879,0.694658775896635
"010A1","010A0226","Control",-0.4304691316062,0.92045256677252,0.388439074944612,-0.243808656888315,1.2610037476473
"010A1","010A0227","Control",-0.25726938276893,-1.20653906921592,-0.84489325918598,0.621808959213633,1.66655928933767
"010A1","010A0228","Control",-1.76316308519478,-0.603881169163268,0.73799036787109,-0.344595219846322,1.47185793808934
"010A1","010A0229","Control",0.460097354831271,0.370235284622062,-1.07976033128386,-2.35522454584149,0.78931570508443
"010A1","010A0230","Control",-0.639994875960119,-1.90100064667961,-1.02647387624363,0.472387633353643,-0.0364542711833432
"010A1","010A0231","Control",0.455450123241219,-1.80440994496324,0.288793361578875,-0.511480194786914,-0.0912832766425019
"010A1","010A0232","Control",0.704837337228819,-1.12182260635522,0.0908113192871749,-0.573602199756116,-0.412862939041902
"010A1","010A0233","Control",1.03510352196992,-0.34792960655914,0.262623176711222,0.00379720372860315,-0.781061198320081
"010A1","010A0234","Control",-0.608926375407211,1.23890214863198,0.0693349127912537,1.34255092952781,-0.390092785411881
"010A1","010A0235","Control",0.50495512329797,-0.274197564852279,-0.528643818856825,0.295461511559413,0.613837622009258
"010A1","010A0236","Control",-1.71700867907334,0.162380715558193,-0.130202164518766,0.841786943605435,0.384677020333242
"010A1","010A0237","Control",-0.784459008379496,-0.0646069097530627,1.62015874435582,0.62906429822047,-1.20565664981837
"010A1","010A0238","Control",-0.850907594176518,-0.705237097025142,-0.0178951233234706,0.101598399463067,1.19785122001404
"010A1","010A0239","Control",-2.41420764994663,1.36219726875099,-1.31848939894929,0.671120874661013,1.29114126665685
"010A1","010A0240","Control",0.0361226068922556,-1.09651318808332,-0.844560160581277,-0.138316374561719,1.48307160252052
"010A1","010A0241","Control",0.205998600200254,-0.228433518546891,-1.10181487249111,-1.24931225315241,-1.22359523581159
"010A1","010A0242","Control",-0.361057298548666,-0.347828080610269,-0.900090143007498,0.347635244215357,-0.41317463437103
"010A1","010A0243","Control",0.758163235699517,0.532128619506733,-1.26108391982248,-2.27781365917161,-0.409580866212294
"010A1","010A0244","Control",-0.726704827076575,1.60723456226119,-2.6258489024829,-0.986209181193632,-0.451164718262206
"010A1","010A0245","Control",-1.36828104441929,0.513814526116594,0.669065749190573,-0.0595413435522069,-0.564698951728143
"010A1","010A0246","Control",0.432818025888717,1.38237316057303,0.660041509230777,-0.160759490474124,-0.560010334496702
"010A1","010A0247","Control",-0.811393176186672,0.763097048549903,-0.25060043539111,-0.420361520340292,-0.970558066992205
"010A1","010A0248","Control",1.44410126172125,-0.624584544634111,-0.723797316953819,0.988591016328615,-0.56282354617343
"010A1","010A0249","Control",-0.431446202613345,0.0815438004289869,-0.812181632329413,-1.06961379110863,-0.332036443298219
"010A1","010A0250","Control",0.655647883402207,1.37607911136477,0.398734336018413,-2.61364346701511,0.193650109749296
"010A1","010A0251","Control",0.321925265203947,-1.56126578615704,0.226563573879377,0.780451897662153,0.605642856272221
"010A1","010A0252","Control",-0.783838940880375,0.324770660594699,0.421643579753211,0.0451050735540702,0.957873599425007
"010A1","010A0253","Control",1.57572751979198,-0.156790316952238,0.00483794372409907,-0.108489158897566,-0.800818438984397
"010A1","010A0254","Control",0.642899305717316,0.877783860734352,0.618983915096519,-0.391224310070966,0.0425486556052422
"010A1","010A0255","Control",0.0897606465996057,0.750166575180638,0.431133944485928,-1.6869995043286,2.33570086201341
"010A1","010A0256","Control",0.276550747291463,0.30105340384283,0.558312370187223,-0.952704455151679,-0.461867455821985
"010A1","010A0257","Control",0.679288816055271,1.49281111722931,0.495961280672009,0.507414112103395,0.740429906040657
"010A1","010A0258","Control",0.0898328865790817,-1.5254938001697,1.66188574094578,0.0188160990067223,-0.698344660682268
"010A1","010A0259","Control",-2.99309008315293,0.910717558486022,-1.0550346122045,-1.41891037358562,1.06536890145562
"010A1","010A0260","Control",0.284882953530659,-1.57953202785754,1.50832468678,0.598171931352236,0.545516821338762
"010A1","010A0261","Control",-0.367234642740975,0.587716257118581,-0.334208656655074,0.786379621743228,-0.918209320243205
"010A1","010A0262","Control",0.185230564865609,0.0896422960007244,-0.0649807438184409,-0.134633045902237,1.02519134367607
"010A1","010A0263","Control",0.581823727365507,0.96726165694984,0.0810815387134028,-0.016386517615323,1.12573840290613
"010A1","010A0264","Control",1.39973682729268,0.0788123529148234,-0.448214795538841,1.40914040823509,0.882800384998406
"010A1","010A0265","Control",-0.727292059474465,-1.56869983648609,-2.55380695026597,0.394838698802266,-2.76807861085069
"010A1","010A0266","Control",1.30254263204414,-2.00782318401609,-0.312932535119014,1.21987512807247,0.143826578856264
"010A1","010A0267","Control",0.335848119752074,0.540973524238763,0.0413831520402976,-0.0450772128729762,1.5198831251518
"010A1","010A0268","Control",1.03850609869762,-0.0733765981084255,-1.73772806133762,1.47948784483878,-0.171316078021067
"010A1","010A0269","Control",0.920728568290646,-0.571018393558081,0.54993965969838,-0.0756837866923921,-0.658144999317951
"010A1","010A0270","Control",0.720878162866862,-0.311068459853641,-0.597273692593322,0.917748457199555,-0.154294602086388
"010A1","010A0271","Control",-1.04311893856785,-0.671415067101365,1.44774180603655,-0.344778713742413,-2.3830393163367
"010A1","010A0272","Control",-0.0901863866107067,-0.157340452080979,0.264868114264259,-1.07700265605392,-1.1382970912816
"010A1","010A0273","Control",0.623518161999544,-0.931305070999869,-0.788782807782472,1.00160472735829,-0.0872555328125386
"010A1","010A0274","Control",-0.953523357772344,-1.98300947947013,0.167732220671529,2.29600404077134,0.835326720644202
"010A1","010A0275","Control",-0.542828814573857,-0.219599804249378,0.25758310820126,-0.325878115450014,0.212110868191506
"010A1","010A0276","Control",0.580996497681682,1.04527586946239,0.912047367450309,1.46885612852932,0.641346301404555
"010A1","010A0277","Control",0.768178737834591,1.87732956629967,-0.156872382554867,-0.236908933173859,-1.0321009677859
"010A1","010A0278","Control",0.463767588540167,0.00260619595716637,-2.03337570844709,0.923493117890428,1.4857706537531
"010A1","010A0279","Control",-0.885776297409679,-0.0806699347091655,-1.29966582307858,-0.989191806701409,1.19047624727791
"010A1","010A0280","Control",-1.09978089864786,0.96298228123987,-0.857250659929035,0.275646278286709,0.617226731476436
"010A1","010A0281","Control",1.51270700980493,0.0535710165465174,0.426265294536191,-0.763661093561037,-0.172938324465871
"010A1","010A0282","Control",0.257921437532031,-0.434898408910037,-0.284836263084754,-1.35211198419997,0.861580440756975
"010A1","010A0283","Control",0.0884402291595864,-1.73729725534231,-0.614368541969862,0.655024410228004,-0.620085924544441
"010A1","010A0284","Control",-0.120896537539089,-1.26369559978243,-0.844890832157483,1.60964676035496,-0.878213047268405
"010A1","010A0285","Control",-1.19432889516053,0.406308512069273,0.153694957218872,-0.78850696587791,-2.22859514687621
"010A1","010A0286","Control",0.611996898040387,-1.45965396777976,-0.851432275778188,-0.883876112525995,0.193263225267502
"010A1","010A0287","Control",-0.217139845746521,1.0484573701547,-0.397921072942885,-1.07251461179358,-2.31265671694031
"010A1","010A0288","Control",-0.182756706331922,-1.3464305394502,-0.939977226280953,-0.458140981447841,-0.0243337921357311
"010A1","010A0289","Control",0.93334632857116,-0.193570558113494,-1.38825374141942,0.665647015578227,0.441340589239052
"010A1","010A0290","Control",0.821773110508249,-0.00233595711367605,0.955184588863398,0.712228212418725,0.789576753769568
"010A1","010A0291","Control",1.39211637593427,-0.0128297338671881,-1.31749547003238,0.442954227499162,1.02181962668272
"010A1","010A0292","Control",-0.476173923054674,0.151947321984398,0.0730291461596218,0.759587312059179,0.615261159537096
"010A1","010A0293","Control",0.650348560726305,0.598511131401079,-0.56818584856837,-0.468877666019124,-0.859577856168591
"010A1","010A0294","Control",1.39111045639,-0.126212437298279,-1.05845066878383,-0.172709977883837,0.890748976368977
"010A1","010A0295","Control",-1.1107888794479,-0.248535565846776,0.259313538417069,0.682049899385807,0.0632747474874033
"010A1","010A0296","Control",-0.860792586877842,0.160327394904622,0.373134504519161,-0.281577328241543,-1.86466105555997
"010A1","010A0297","Control",-1.13173868085377,-0.433641941597269,1.26466676928415,-0.961622573931821,-0.1131368509232
"010A1","010A0298","Control",-1.4592139995024,1.53741241910027,0.325224996068265,-1.37765014473256,-1.78338637587516
"010A1","010A0299","Control",0.0799825532411612,-2.17024657661608,-0.138467319508306,2.69758663663836,-1.05349044072366
"010A1","010A02100","Control",0.65320433964919,1.02700461929143,2.6024688972798,-1.69971505556293,-0.619354677304664
"010A2","010A02101","Treatment1",2.20096537559849,0.751517066810067,0.349715571512085,1.0293166527942,0.413061423480861
"010A2","010A02102","Treatment1",2.04475108716773,1.42232038583239,-0.00318322831336237,2.93431433615124,1.92697573194359
"010A2","010A02103","Treatment1",-0.00320864683984801,1.98765329363967,0.464886087125522,1.83751087517796,0.934594154662499
"010A2","010A02104","Treatment1",2.84848190167275,1.83556817203502,0.889585433223212,0.814653668915333,0.0628882412248359
"010A2","010A02105","Treatment1",0.333226591242183,0.339478140954295,1.60043016931357,1.53332917776439,0.366140566238584
"010A2","010A02106","Treatment1",1.10551381245607,2.56406949329184,1.41584505959868,2.78495624201476,0.424775713984932
"010A2","010A02107","Treatment1",0.577744118131144,-0.622975935291547,0.894249353323008,1.18962781983013,1.18822104175933
"010A2","010A02108","Treatment1",0.877649828045029,1.86389637347899,0.143437461753879,0.4309124878134,1.53965597446293
"010A2","010A02109","Treatment1",1.1881930345015,0.4883972265638,2.12732733432216,2.45189294457212,0.579115930342988
"010A2","010A02110","Treatment1",1.11916095799701,-0.917365025445402,1.91628162144845,2.86899345256532,0.660533440022915
"010A2","010A02111","Treatment1",0.974907449132597,-0.865813848619948,0.275620407275639,0.0154451062624591,1.51808038836326
"010A2","010A02112","Treatment1",1.10807272794203,1.24517906343969,1.68677908757474,1.71875676390437,0.130612378986775
"010A2","010A02113","Treatment1",0.514564764153332,3.22353430190807,1.45008579164461,1.12934729695826,0.839329085845174
"010A2","010A02114","Treatment1",0.495782869312096,1.27337606414447,2.04522160610504,1.70164130889336,0.857383213394959
"010A2","010A02115","Treatment1",-0.661099079914812,2.13078479452828,1.14962903443744,1.52669783188745,0.234789032155796
"010A2","010A02116","Treatment1",0.617666273126182,1.8386693740601,-0.141067153200693,0.979486901045398,0.340199428682985
"010A2","010A02117","Treatment1",0.4873497421222,0.345384722121794,1.80249940241966,1.43825104730697,0.692594559586558
"010A2","010A02118","Treatment1",3.7018910003448,1.9539609784794,0.271283469030554,-0.210528565701537,0.118072549793982
"010A2","010A02119","Treatment1",-0.362116231189719,1.35295146548932,1.52720928572848,-0.404419943828904,0.904654841251574
"010A2","010A02120","Treatment1",1.13725621855861,1.20659929264961,2.67347877221231,1.72074915720931,-0.275969373074105
"010A2","010A02121","Treatment1",-0.493625067316291,2.00111323431025,-0.418828020270831,1.08603550327673,1.37558498396481
"010A2","010A02122","Treatment1",-0.470435741436797,1.74745199164028,2.56191080116889,0.86838295859154,0.530769627403644
"010A2","010A02123","Treatment1",1.12470238619701,0.373425163276861,2.35316100891808,-0.676051978939838,1.79893320361921
"010A2","010A02124","Treatment1",0.00336086511596267,1.39522368593671,0.471303223308442,0.430502009231887,1.42628819925872
"010A2","010A02125","Treatment1",0.998177385695292,0.107832045954423,0.748727224520721,1.19220515089654,0.487867986806494
"010A2","010A02126","Treatment1",0.571741118574185,1.63081841009177,0.314152313707502,0.513677079247178,0.652484463024268
"010A2","010A02127","Treatment1",0.386328393550505,0.567294816715433,0.429632347745878,1.08128401299388,1.60939274638697
"010A2","010A02128","Treatment1",-1.02467784541911,1.45213864421852,1.57963138154616,1.3848972467843,1.7354643180367
"010A2","010A02129","Treatment1",-0.224747950359986,1.36799904519635,0.101040994747885,0.862498028961819,1.47670856067332
"010A2","010A02130","Treatment1",1.17951644111794,0.729612510338091,0.809670112087217,1.42759310923909,1.32828576678195
"010A2","010A02131","Treatment1",1.56762059442354,1.46551261771298,0.856096622653539,0.756935551460637,-0.78126747525362
"010A2","010A02132","Treatment1",0.507122646446525,1.57435622562697,0.903427348712445,0.681647172146109,1.1193964213454
"010A2","010A02133","Treatment1",1.00006288406535,0.769300009842589,1.18144671572236,0.745893606491989,-0.418295372016519
"010A2","010A02134","Treatment1",2.12288964337997,2.17224250830245,2.59657420918631,1.63888743016307,1.07603437765388
"010A2","010A02135","Treatment1",2.43985574297619,2.39270270673312,0.548668260106543,1.82106538316608,0.339166757789149
"010A2","010A02136","Treatment1",-0.0971137684058216,0.338008744290415,0.205119775199181,3.33547908658196,0.894493953941531
"010A2","010A02137","Treatment1",0.882680439749823,0.222630793274986,1.79228434965229,0.0166924423889381,-0.180085887586924
"010A2","010A02138","Treatment1",2.2014984009197,1.51353857890878,1.38047229976103,0.292542559993742,0.835640813537263
"010A2","010A02139","Treatment1",0.530270419433699,0.0866877619587278,1.23578798299245,1.64414910134992,2.5194407743176
"010A2","010A02140","Treatment1",0.947530515061004,0.550576194749699,1.59098826352041,2.63766532994621,2.82516507817365
"010A2","010A02141","Treatment1",0.91389270176291,1.80293269910362,-0.411930202078889,2.22664817466431,-1.48863985015353
"010A2","010A02142","Treatment1",0.112320982093568,0.426523149018896,2.06329579229112,0.532294381669188,-0.654322250389733
"010A2","010A02143","Treatment1",0.555315995115262,-0.928125167848326,1.45391787889759,0.321768936262011,-0.420855281371917
"010A2","010A02144","Treatment1",0.970555120911762,1.66439083382215,1.95131297701979,2.69640227133044,-0.27629656625184
"010A2","010A02145","Treatment1",0.586131150942076,-0.602540223794253,0.401482286598484,2.54284685008907,3.07910079937255
"010A2","010A02146","Treatment1",2.1133860233682,-0.354600257453849,-0.841940050346137,1.21452759206094,2.01553602068229
"010A2","010A02147","Treatment1",0.519007158346018,-2.0179326794179,0.515410466852066,2.70068829575232,0.890387183824961
"010A2","010A02148","Treatment1",0.566830967399271,1.83123782223006,0.0931531849766031,0.992013170352107,1.98151888102931
"010A2","010A02149","Treatment1",1.6968625765521,1.25109708884734,3.22276244740438,0.182099635197231,3.26134720681062
"010A2","010A02150","Treatment1",-0.0563684131709081,1.46229346594133,0.58653342362382,0.949389829716456,1.63708992380356
"010A2","010A02151","Treatment1",0.959301524848785,1.84479222322324,0.784326153295356,1.07992108654903,2.77553654284699
"010A2","010A02152","Treatment1",-0.55154482234759,0.958028475678438,2.06297852007115,-0.559571097894048,-0.147501547469803
"010A2","010A02153","Treatment1",2.16716954923568,-0.105575905700028,1.62034652658024,0.828502043253708,-0.0793225937545454
"010A2","010A02154","Treatment1",0.726354298625919,1.56377565233087,1.673066651879,0.581392907167665,2.06794985879243
"010A2","010A02155","Treatment1",0.532154675327746,2.30336475581967,3.63370956294833,1.49128681803316,1.89175319136426
"010A2","010A02156","Treatment1",-0.238252327986214,-0.500220937794657,1.16611439867297,0.46877156876897,1.87009650993971
"010A2","010A02157","Treatment1",0.992237966222673,0.393010764880964,2.90517553753426,1.4822201177349,1.48576246486856
"010A2","010A02158","Treatment1",0.19971782204834,0.707754934343423,1.25371840131308,1.53629104004933,0.528906307153949
"010A2","010A02159","Treatment1",0.466507670049564,-0.289683343323603,-0.459021967254297,0.720675792141098,1.94962999382055
"010A2","010A02160","Treatment1",2.28767524558459,1.6941058487747,-1.22724824128035,0.956492735299416,2.84772759129207
"010A2","010A02161","Treatment1",0.824474129757873,0.400818097102881,1.64968355116773,3.38151529195951,2.24040742887073
"010A2","010A02162","Treatment1",-0.0717823841506759,2.25690664397164,0.000750135231442739,2.54803111335561,-0.380814218351241
"010A2","010A02163","Treatment1",1.16320688246738,1.05350801362736,1.04197238367631,2.55476199852898,1.47467687729148
"010A2","010A02164","Treatment1",0.63726158437205,1.72809251767185,2.77704370004004,1.05811123011391,1.01234635798769
"010A2","010A02165","Treatment1",1.59001354798734,2.56109806821061,1.34718267733721,0.160221084472836,1.08709993728573
"010A2","010A02166","Treatment1",2.43242192773099,1.26562475359719,0.712902553850211,1.57112344865548,0.817631806236675
"010A2","010A02167","Treatment1",0.00730748889050725,2.07672625920727,-0.924576652109111,1.06604778256306,-0.265670265825317
"010A2","010A02168","Treatment1",1.45465029758028,1.21069793167925,0.199350890660087,4.58465949292999,1.33128391294074
"010A2","010A02169","Treatment1",1.08489805867849,-0.511673525822368,0.424382029273377,-0.931895553651268,2.35172863098665
"010A2","010A02170","Treatment1",1.89556558226454,1.02240225991363,1.68420573267036,0.797167495754023,2.63656573626269
"010A2","010A02171","Treatment1",0.770221861053734,1.7181362060421,1.48345734761714,2.48371520427311,1.47993222885269
"010A2","010A02172","Treatment1",1.83661906846061,1.48945701784227,1.01396340870738,-1.09851640016451,0.263684088742143
"010A2","010A02173","Treatment1",-0.745055861336693,0.82611165412173,1.18024373462512,0.74035133394324,0.416983380586399
"010A2","010A02174","Treatment1",2.68945892131337,-0.2176994886684,0.7118767516915,1.33406793588718,0.388568018048614
"010A2","010A02175","Treatment1",1.86477797851858,1.64639836870946,1.03022722289023,0.78036240836678,1.60335004361089
"010A2","010A02176","Treatment1",0.849224011114252,0.0835439716521105,1.27167410852949,0.0682281967108931,0.764236660642689
"010A2","010A02177","Treatment1",-0.449007130139168,-0.251823442425566,1.44915842741343,0.877759781703424,3.90421609162339
"010A2","010A02178","Treatment1",1.64300870004198,1.5949277184055,2.82762765843039,2.33852842346176,0.731708720684583
"010A2","010A02179","Treatment1",1.48319386381477,-0.232810665189827,-0.112023710883813,-0.348331190044365,1.14809284840304
"010A2","010A02180","Treatment1",0.993644373578611,1.24436441490614,2.47480743158371,2.41483572450998,0.793205017164716
"010A2","010A02181","Treatment1",1.15145589286242,1.0027721853436,1.67151246014439,1.91404894551468,0.357439861548453
"010A2","010A02182","Treatment1",0.415891029650196,-0.328209686025565,-0.545328543714433,-0.236687918493313,1.84757182388457
"010A2","010A02183","Treatment1",1.36880673263024,2.17969641183277,0.722952772008895,-0.50076035467463,0.472427873599346
"010A2","010A02184","Treatment1",1.29465433971952,0.407195000851071,0.37065700802802,1.03453868389653,1.00237075710813
"010A2","010A02185","Treatment1",0.720740626657425,2.19997831633667,0.0669995483802481,1.28629964540269,0.718119766448717
"010A2","010A02186","Treatment1",-0.336236654893154,0.524966320387865,-0.537886484228258,2.18620809384561,-1.8284746523873
"010A2","010A02187","Treatment1",1.70074881844003,0.424942903849184,0.505897950400055,0.962450628157452,1.6509303163277
"010A2","010A02188","Treatment1",1.55419662227403,0.968773975391501,0.564639984729804,1.42037159397356,1.15775917111333
"010A2","010A02189","Treatment1",0.163693407198585,0.641943004021544,0.676455323719774,2.28924648234277,0.146562977334631
"010A2","010A02190","Treatment1",-0.594588162006243,0.643398922352269,-1.06111361891619,2.17068918509962,2.36310008597407
"010A2","010A02191","Treatment1",1.20495858058763,0.122335616566274,1.44150255509554,1.82609365408471,-0.262896171171156
"010A2","010A02192","Treatment1",0.65491202202711,-0.212897125177963,1.74635124656637,1.32391706509048,-0.777946545720738
"010A2","010A02193","Treatment1",1.25261170336445,1.61328661868703,1.78964287382469,1.38095041145455,0.313080354924441
"010A2","010A02194","Treatment1",-0.294002465484553,0.193796658537523,1.77074050703954,2.20261958279329,-0.184335522293258
"010A2","010A02195","Treatment1",0.040829555619637,-0.376456929908895,1.20050631783037,2.10220575073214,1.78967730172765
"010A2","010A02196","Treatment1",2.0857748536799,0.492152100836453,2.46835003167775,0.938485060020854,1.08596377095027
"010A2","010A02197","Treatment1",1.40377490471571,0.199064513262662,0.123544516059248,1.36458991399578,0.629938557420597
"010A2","010A02198","Treatment1",1.5864875367193,-1.19278568567007,-0.22660469372111,2.69255229998577,1.00933636704308
"010A2","010A02199","Treatment1",2.81522844615395,0.709062850732325,1.33783791997458,2.47136701247198,0.0489404083271766
"010A2","010A02200","Treatment1",1.12882142860238,1.16717412116052,1.44082408725415,0.0227523386558808,1.1817177113978
"010A3","010A02201","Treatment2",-3.00092923773151,-0.705307643514312,-1.74651645173677,0.448201674581936,-0.809660155967143
"010A3","010A02202","Treatment2",-0.66622280256643,-0.607258734579274,-0.963393879568076,-1.08585566059187,-1.07173876939812
"010A3","010A02203","Treatment2",0.171325127358794,-2.00084371300082,-0.676690375796952,-2.57376980165346,-1.00285171005059
"010A3","010A02204","Treatment2",1.0595392422993,-1.32572711982343,-0.620323967598408,0.292476159466694,-2.10821896191248
"010A3","010A02205","Treatment2",-2.37686159824052,-2.00834880542884,-0.123443504204638,-0.915532244432284,-0.0648082326264053
"010A3","010A02206","Treatment2",-2.15085556562711,-1.63543148203377,-0.0666120124303631,-0.0329540035199108,-2.48583945173733
"010A3","010A02207","Treatment2",-1.70582139476012,-2.20984068798734,-3.42880752268242,0.939112994217019,1.22854189842651
"010A3","010A02208","Treatment2",-2.05405578207719,-2.11646380065269,0.727994023421165,0.0798726381656365,0.624135222537796
"010A3","010A02209","Treatment2",-1.64574372314249,-0.370118837424065,-0.543997353722789,-1.35359352683315,-0.480235374746665
"010A3","010A02210","Treatment2",-1.1853779676765,-1.27252157017863,-1.57036034574565,-1.13492312471856,-2.352028636762
"010A3","010A02211","Treatment2",-2.20122205073999,-1.25884116837867,-2.11462440217797,-1.9871324333075,-0.573876172371159
"010A3","010A02212","Treatment2",1.03697216698315,0.729558179891493,-0.094935734436105,-1.82170814606039,-2.66318758520667
"010A3","010A02213","Treatment2",-0.892225255114453,-1.05839216540737,-0.671903984515867,-0.510469077485269,-1.269943621831
"010A3","010A02214","Treatment2",-1.08410810050558,-1.53706378460892,0.078089960047822,-1.29927745890948,-0.209209040226122
"010A3","010A02215","Treatment2",-0.504380358395406,-0.25271330383426,-1.0603155537025,-0.341745101425645,-0.159391361227001
"010A3","010A02216","Treatment2",-0.962584813882035,-1.48725783538973,-1.24351876196312,-0.167590450329209,-0.967030515149536
"010A3","010A02217","Treatment2",-1.13208803695591,0.372907781479505,1.24142256068828,-0.636536738777306,-1.23816375384855
"010A3","010A02218","Treatment2",0.476787423552097,-1.37767236064622,-3.03599297085583,-1.39864565861695,-0.736447713849182
"010A3","010A02219","Treatment2",-1.2170302100921,-1.61615261411839,-0.609085534917162,-2.4979299895057,-2.59178517406521
"010A3","010A02220","Treatment2",-2.28360220409223,-2.16812505107469,-0.615186657100347,-0.885371824727534,-1.37623506884693
"010A3","010A02221","Treatment2",-0.614332109556598,-0.671359641408914,-0.561304400458603,-2.03781661733663,0.812527149910375
"010A3","010A02222","Treatment2",-1.35151287352909,0.466510627440165,-0.44185909795343,-0.354021128738433,-2.73809968261789
"010A3","010A02223","Treatment2",-1.52179609335627,-1.35600954508891,-1.27640638297745,-0.227154599941423,0.629111150745305
"010A3","010A02224","Treatment2",-2.06813120068717,-0.738532358122569,0.166288078982232,-0.683985841879584,-0.471894558511493
"010A3","010A02225","Treatment2",-0.571634096733308,-0.666671144824269,-3.45427723493739,-2.03811282479823,-1.36044418659755
"010A3","010A02226","Treatment2",-1.17401823442699,0.422193240309543,-1.80556625945457,-1.75513729008885,1.23761689061182
"010A3","010A02227","Treatment2",-0.484332271351971,-0.336123399333827,-1.11914455062002,-1.49150430969258,-1.04019961747496
"010A3","010A02228","Treatment2",-1.23436527730592,-2.07365515569531,-0.836783765861206,-0.852774254892155,0.894125331563999
"010A3","010A02229","Treatment2",-1.65850342582177,-1.69690177466674,-0.593520492237083,1.35650304328533,-0.975195350062336
"010A3","010A02230","Treatment2",0.250236604078717,-1.74613045693456,-0.360660004355691,-1.9206687671059,-0.446574596899555
"010A3","010A02231","Treatment2",-1.2717637151114,-0.858427127867781,-2.50851763737235,-3.15684778320885,-1.57435094544222
"010A3","010A02232","Treatment2",-0.0520480041248039,-1.00394722073065,-0.992329395602973,-1.1204000495613,-1.9283370064395
"010A3","010A02233","Treatment2",-2.20158243010894,-0.632062498908235,-0.475831977999615,-1.83924432956371,-3.00042544129482
"010A3","010A02234","Treatment2",-1.4661160963755,-1.65734291469725,0.326335871570789,-3.17243990871478,-1.62206869629916
"010A3","010A02235","Treatment2",-1.26935139515318,-1.37634667016105,-1.11356773443256,-1.87430797615429,-0.272854433514758
"010A3","010A02236","Treatment2",-1.39096540813086,-0.258639939574915,0.599149478396857,-1.3735793489025,-2.10218330324535
"010A3","010A02237","Treatment2",0.348707011991714,-1.09960675644847,-1.28152809892818,-2.10219771209642,-2.15946277085336
"010A3","010A02238","Treatment2",-1.02276470129841,-1.65428987860709,-1.04989813891051,-0.284340139336556,-1.43890563975272
"010A3","010A02239","Treatment2",-0.75577414889655,-0.028835625938729,-0.839785872678876,-0.0923596943158247,-0.840865793236447
"010A3","010A02240","Treatment2",-1.94237170786392,-0.986503688431614,-1.50238056240533,-1.32480513378513,-1.49460068553302
"010A3","010A02241","Treatment2",-1.72921727650957,-1.91653466702155,-0.284061951223811,-2.48158593228175,0.212367845581031
"010A3","010A02242","Treatment2",-0.00193109144515158,0.709688561261637,-2.34578730316321,-0.405828861136458,-0.707367574088172
"010A3","010A02243","Treatment2",0.25848166459556,-2.16810098994666,-1.00564356530215,-1.85487468711954,-1.03604246103236
"010A3","010A02244","Treatment2",0.248863688810096,-2.78103626015252,-1.54054254973953,-1.82991753663255,-2.10261610256618
"010A3","010A02245","Treatment2",-2.38063704952533,-3.25313244856822,-1.54707374084968,-0.850893185035844,-1.93564028694907
"010A3","010A02246","Treatment2",1.04996069363639,-0.3488740304533,0.151445387044433,-1.97614604138405,-0.539162673179696
"010A3","010A02247","Treatment2",0.0168728297995417,-1.53283262560277,0.0522196819459095,-1.29468440765639,-1.33236346261062
"010A3","010A02248","Treatment2",-1.02671746413826,-1.27555935697228,0.598026528702658,-1.77097491581535,0.106163268822443
"010A3","010A02249","Treatment2",-0.296392221201739,-0.710373027370954,-1.26379679310846,-0.607716292921257,-2.63369360485113
"010A3","010A02250","Treatment2",-1.97138522915186,-1.46648406179076,-0.967599212453083,-1.84630590488449,-0.664807199404628
"010A3","010A02251","Treatment2",-2.09615624155886,-2.60806017494469,-2.55158330768591,-1.84375993093045,-1.52465744499014
"010A3","010A02252","Treatment2",-0.950949549062403,-2.94978379604199,-1.38817943002452,-1.96188844428827,0.463371075302205
"010A3","010A02253","Treatment2",-2.19849585655778,-1.34069991823098,0.764148122180129,-0.988950346643455,-0.572821958013419
"010A3","010A02254","Treatment2",-0.809981001440252,-0.82527447266868,-1.41652772756372,0.214948965421843,-2.02512982017635
"010A3","010A02255","Treatment2",0.297705899604666,-3.27777756077723,-2.16633868878939,-1.88887851573828,-2.30805832132281
"010A3","010A02256","Treatment2",-2.03387372296475,-0.709475519052916,-0.958105433814894,-0.781898738553397,-0.770398113371366
"010A3","010A02257","Treatment2",-1.73844075421306,-0.577693642526386,0.246489130259544,-1.65611699960704,-1.30702127781191
"010A3","010A02258","Treatment2",-0.953436060549137,0.294737363206715,-2.57797130420835,-2.08851584728066,-1.08383309954218
"010A3","010A02259","Treatment2",-2.01759611982611,-0.835285981426046,-1.2538204717891,0.0911308981076977,-1.16573184061107
"010A3","010A02260","Treatment2",-1.38328395988628,-0.795046159199765,-0.532169457949386,-1.5692273216578,-0.344987441336499
"010A3","010A02261","Treatment2",-0.127244588328602,-0.395396373274194,0.977529994455847,0.6208101305906,-2.07483472817753
"010A3","010A02262","Treatment2",-0.0304549860298829,-1.01914076916893,-1.61560579484362,-1.68698844558374,2.4709096034659
"010A3","010A02263","Treatment2",-0.616153334972906,-1.07971434737881,0.519421601211094,-0.343003296431368,-0.705919107615983
"010A3","010A02264","Treatment2",-2.85155566306746,-0.884015535597195,-1.43289519356181,0.110692215234704,-1.53637384634639
"010A3","010A02265","Treatment2",-1.05399673682617,-0.255826635951612,-2.03101770806171,1.14072073006633,-1.1447734954457
"010A3","010A02266","Treatment2",0.064773214338284,-1.43129060352769,-2.13433449832271,-1.8309718091324,-0.457869472159447
"010A3","010A02267","Treatment2",-0.186804962588395,-1.49952895191123,-1.22109812537753,-0.923594143801865,-0.365824806807591
"010A3","010A02268","Treatment2",-1.19081647410428,-1.86516207675571,-1.02241469890395,-0.0641755538009472,-2.77485606890494
"010A3","010A02269","Treatment2",-3.6999298085637,-1.95775728327187,-1.32290182802397,-1.50166670286481,-3.06613588468656
"010A3","010A02270","Treatment2",-0.939033361198883,-0.673200028661362,0.0522231597255411,-0.40514653614882,-1.08990690946321
"010A3","010A02271","Treatment2",-0.426248302516422,0.547372225685175,-0.810458834304801,-1.43065116913637,-0.163197821941313
"010A3","010A02272","Treatment2",-0.954196420274901,-1.96885956886443,-1.10582760886587,-2.13333905267279,-0.833759166906468
"010A3","010A02273","Treatment2",-0.842587459824125,-1.18844042625946,-1.60255447253272,-3.23717155976963,0.0255255734461228
"010A3","010A02274","Treatment2",-0.568434627131229,-2.03000116145592,-2.29601593126204,-0.485360427556858,-0.596811541867064
"010A3","010A02275","Treatment2",-1.39654973605021,-0.0919135581395041,-2.95932663870655,-1.34190711516292,-0.5884078801372
"010A3","010A02276","Treatment2",0.309978225751549,-1.31738186470813,-0.78658826947883,0.717877428819289,0.680186828022447
"010A3","010A02277","Treatment2",-0.529606600126057,-0.820996033459578,-0.974664129888763,-2.11637790865796,-2.06210757323509
"010A3","010A02278","Treatment2",-2.2426702705746,-0.651971812270823,0.365023187859938,-1.48847961916285,-1.79123564967815
"010A3","010A02279","Treatment2",0.381575456385533,-2.05427902127444,-0.708906191755143,-0.192667706592242,-0.611487725839015
"010A3","010A02280","Treatment2",0.204458937009824,-1.1047442881107,-0.20278229887391,-1.26100874167079,-0.746001500549626
"010A3","010A02281","Treatment2",-0.175926036318119,-1.22834261709453,-0.959013625624339,-0.511940082173421,-3.18716829258598
"010A3","010A02282","Treatment2",-2.66262940218559,-0.324644437572461,-1.81832404962589,0.35278382096951,-0.462199566716529
"010A3","010A02283","Treatment2",-1.56930634360548,-2.23324469350631,-0.710359356835573,1.17681559130925,-2.28988641170683
"010A3","010A02284","Treatment2",-0.364486182710474,-2.19996154442278,-0.660212888698885,-0.948612888793162,-2.22554397015877
"010A3","010A02285","Treatment2",-0.956277992422142,-0.234133423383892,-1.81739273076343,-1.83809544523541,0.727113552775754
"010A3","010A02286","Treatment2",-0.651987696338693,-1.58809786128298,-1.02874931522808,-2.08461500930842,0.160357803290302
"010A3","010A02287","Treatment2",1.45959354887041,-1.66029582997558,1.00078165111199,-1.54653276907334,-1.74816158375162
"010A3","010A02288","Treatment2",-1.81838032439967,-0.886986477802656,-2.12926606328462,-1.42650970470471,0.666672324930407
"010A3","010A02289","Treatment2",-3.11320011492914,-1.32039879968604,0.472178592069724,-2.21099755539979,-1.52969742457132
"010A3","010A02290","Treatment2",-0.726304727569585,0.866381496938788,-1.2270689164849,-0.402207002220975,0.0286483506392656
"010A3","010A02291","Treatment2",-1.68759684124341,-0.740468544232201,0.482310596242009,0.423895789083935,0.376717991064904
"010A3","010A02292","Treatment2",-0.553958947038134,-0.83843992908193,-1.84305317448729,-1.44329862555835,0.331002958262647
"010A3","010A02293","Treatment2",-1.8123847237906,-0.0689250906646459,-1.0661953274559,-2.04033346567429,0.25465594943585
"010A3","010A02294","Treatment2",1.21205548033514,-1.05994674925962,-0.688766501642136,-2.27389707840725,-1.28733455380927
"010A3","010A02295","Treatment2",-1.12370597157743,-0.95126029992255,-1.11259022830341,-0.229848387988203,-1.54673551815909
"010A3","010A02296","Treatment2",-1.47733550603005,-2.07287540073396,-0.341261161057355,-0.968477378023471,0.253927471065005
"010A3","010A02297","Treatment2",-1.16626149148661,-3.29297143048067,-1.16686150010949,-2.90485475143827,-1.07172291895901
"010A3","010A02298","Treatment2",-0.137436616373569,-2.20720685006434,0.20887346516015,-1.12375517714557,-1.68243662126427
"010A3","010A02299","Treatment2",-0.902659514797181,-0.885890570202809,-0.829580566115777,-0.999671622786562,-2.02499645828567
"010A3","010A02300","Treatment2",-2.62561673921129,-2.03329707910538,-0.307580363755253,-1.84377834472886,0.301577814716535
"010A4","010A02301","Treatment3",0.495379232173542,1.18880775234206,-0.685546936558782,-0.721333370428927,1.25806082540668
"010A4","010A02302","Treatment3",1.26024216766205,1.22508301767486,-0.158389290697043,0.0470140063844932,1.9796143353762
"010A4","010A02303","Treatment3",0.538990912872563,0.717380210939088,1.58950794879155,-0.202319931281128,-0.119562406414632
"010A4","010A02304","Treatment3",1.23507214161444,0.298343268381622,1.00878594116066,-0.174380385485126,0.759687227256229
"010A4","010A02305","Treatment3",0.35352737300113,-0.865689860588683,0.364093374399576,-1.80302319048591,-0.58652092497737
"010A4","010A02306","Treatment3",0.442112664618717,0.19106239132284,0.391217263043107,0.350667095217127,0.586223563193975
"010A4","010A02307","Treatment3",0.982369466104533,0.0470971134627732,1.25490016045464,1.44868958997013,-0.346202449052606
"010A4","010A02308","Treatment3",1.49294363677573,1.16322914451979,0.276188678380034,1.65636246052357,0.888905864370388
"010A4","010A02309","Treatment3",-0.746395498032042,1.8086295367487,0.574955170939924,2.57435248589762,0.462364184653609
"010A4","010A02310","Treatment3",0.46651247515439,1.0010403098945,-1.14595480215,0.765289970321459,1.94560164892583
"010A4","010A02311","Treatment3",0.429037818750004,-0.628288535197367,2.27400936515502,-0.552003829140466,0.817224482102685
"010A4","010A02312","Treatment3",-0.25892065373095,2.17099730539817,1.26596791597657,1.00234223621863,0.0960195091809095
"010A4","010A02313","Treatment3",-0.534359360939153,1.51035303245212,1.33228784301075,1.59984502312187,-1.24023733047524
"010A4","010A02314","Treatment3",-0.130731953970819,0.723521215874458,-1.40545752247312,2.38650483041417,0.0471787210798817
"010A4","010A02315","Treatment3",1.086807720013,-1.70648459320962,0.479163323805586,1.3112535006894,-0.0860875065595954
"010A4","010A02316","Treatment3",0.0836773438163481,-0.454585618553158,0.0910660875517824,1.91824380879396,1.64791904431639
"010A4","010A02317","Treatment3",-0.284887809505321,0.431426932789763,-0.876386306576796,0.939169901702954,0.957363259644693
"010A4","010A02318","Treatment3",0.663416319486097,1.26130590156527,1.22743037439326,-0.777501608601099,-0.0878063620585721
"010A4","010A02319","Treatment3",-0.73671423510935,-0.67990419995829,1.73413078123709,-0.361373205211443,0.727914940694947
"010A4","010A02320","Treatment3",1.54587377623667,3.71119895676729,-0.0532244058774668,2.38698587497109,0.634147741846246
"010A4","010A02321","Treatment3",0.0154045837812908,-2.05382485095083,0.270809822071265,1.2040873131829,0.829327772114258
"010A4","010A02322","Treatment3",0.689128811680666,0.264066050665935,2.21146198892227,-0.16772052533203,0.202487786357206
"010A4","010A02323","Treatment3",0.551006331574973,0.240437356738565,-1.14980790329701,-0.205714342057153,1.68498797306452
"010A4","010A02324","Treatment3",0.499759331113558,-0.163366916619193,1.24422078543782,-0.420718579914376,1.80953538662527
"010A4","010A02325","Treatment3",2.30938204244287,0.181009289173851,0.185978676019084,0.648473291996029,-0.670455265115432
"010A4","010A02326","Treatment3",-0.325327957109945,1.24239515757232,0.384689158595546,0.249982638867226,1.49611886630011
"010A4","010A02327","Treatment3",1.64547045222799,-0.374292675785773,-0.11097434277214,-0.441768954111299,-0.246997016690059
"010A4","010A02328","Treatment3",0.531573187553243,-1.58281376630328,1.59669537901904,1.71419901863892,0.721867656465582
"010A4","010A02329","Treatment3",-0.33520580530672,0.593767902810218,-0.627167611083759,0.518566433000226,1.5009452311825
"010A4","010A02330","Treatment3",0.431236350983487,0.498180187997204,1.4626094924383,1.25783169945755,0.994143258559294
"010A4","010A02331","Treatment3",1.24677168701247,0.486899347628426,1.90646401623189,0.119937300003994,0.491555582465364
"010A4","010A02332","Treatment3",0.074481265605396,1.1679680745581,-1.1416495088997,0.674948713347219,0.596136985532875
"010A4","010A02333","Treatment3",-0.272082235193457,0.486832297047837,-0.626904192549231,1.53352330902476,2.75070523918321
"010A4","010A02334","Treatment3",0.652764106747895,1.2760470304763,1.09154548050242,1.17572399543247,1.9366346913565
"010A4","010A02335","Treatment3",1.4885968451788,-1.51073533263526,-0.456309119505936,1.44128124291257,0.510407749538487
"010A4","010A02336","Treatment3",0.426541665327826,-0.628180494971801,-0.191529886346393,-1.32663007251395,0.179208108481872
"010A4","010A02337","Treatment3",-0.887026553559742,0.84879957158572,0.0546472326486393,0.677204381296563,2.34167486726203
"010A4","010A02338","Treatment3",-0.806675904375363,0.147101517903076,0.155515771673432,0.308192138052731,0.589924725225342
"010A4","010A02339","Treatment3",-0.268395325077939,1.44477459791762,1.20369818524612,-0.150198710009829,0.902792818116791
"010A4","010A02340","Treatment3",-0.0271081253744579,-0.504719852526464,-0.103005764794259,-0.060696341260001,1.80939370465749
"010A4","010A02341","Treatment3",0.478572934958375,1.22390273249685,0.589350412414681,2.17576579329994,-0.113254222725411
"010A4","010A02342","Treatment3",1.17049807099628,-0.168832740990364,1.2374946372199,0.930534600439241,0.0645199150805681
"010A4","010A02343","Treatment3",0.0653829614275935,-0.6130401937158,-1.04037944457177,0.355393379642754,0.117893915729199
"010A4","010A02344","Treatment3",-0.613879783312847,0.157194810633055,-0.189632292648809,1.4390257121441,0.671328176109932
"010A4","010A02345","Treatment3",1.1071059948785,0.54977932316874,1.35979346020943,-0.0454967495232914,-1.91656246344689
"010A4","010A02346","Treatment3",0.775456968739591,-0.727681961525536,0.123480259324228,0.638850363215646,0.0818285634137503
"010A4","010A02347","Treatment3",1.65734706941474,-0.264005910827448,-2.03508347030523,1.94686231335255,1.2071955649005
"010A4","010A02348","Treatment3",-1.18248085947826,-0.746182061617882,-0.357809228617209,0.167371913849464,0.81180753531698
"010A4","010A02349","Treatment3",0.587319088894874,1.51677397775977,1.31602640692616,-0.299156272263214,0.850640156782387
"010A4","010A02350","Treatment3",1.85336189394267,1.22361262405886,0.0734110907742247,-0.0482927451324073,-1.08686541262596
"010A4","010A02351","Treatment3",1.22417380068337,-0.532527137105113,0.0953631599583203,-0.550796204519418,0.716521654079693
"010A4","010A02352","Treatment3",-0.332552825764212,1.05734600412276,0.354230775737528,0.752662491033329,0.385250157120605
"010A4","010A02353","Treatment3",1.23252848676841,0.244418576900478,1.21946636806737,0.827861853995298,0.520338123229074
"010A4","010A02354","Treatment3",-0.371926869997213,-0.61339175714667,0.00890924778067337,1.3556724004905,1.39279026193778
"010A4","010A02355","Treatment3",0.0466024887702072,0.921197439614804,0.975958438418499,2.30176227162749,1.94808414754465
"010A4","010A02356","Treatment3",1.68753427862908,0.177049688153626,1.07315366805267,1.90524081174873,0.247969127944968
"010A4","010A02357","Treatment3",0.209854688209921,1.38017990119152,-0.518859577715648,-0.750791794135667,-0.0974712791675778
"010A4","010A02358","Treatment3",1.32854614496544,0.305136393224099,0.438127765563634,2.49910885447275,0.252259160250482
"010A4","010A02359","Treatment3",0.208772291220831,1.68805498210378,-0.0383051016044514,0.639278487592147,1.27436594015165
"010A4","010A02360","Treatment3",-1.07636240474791,-0.00976451176795412,0.916954726110764,0.113330896560276,0.381412793829918
"010A4","010A02361","Treatment3",-0.348815696948922,0.719548010873294,-1.00827665613024,2.35563569044348,0.0824187288991025
"010A4","010A02362","Treatment3",-0.588519861957195,0.870294421364558,2.03916992776747,0.92885538447628,0.447573646742264
"010A4","010A02363","Treatment3",0.0157094288828266,0.779108393730607,1.846018088596,2.23079013958977,1.85395020283372
"010A4","010A02364","Treatment3",0.163688790990427,0.701942437313324,-0.342855777501525,0.45647632586068,-0.420651427306943
"010A4","010A02365","Treatment3",0.346642109338356,0.487003457568656,-0.169874227807658,-0.23108580813751,0.189228626003045
"010A4","010A02366","Treatment3",0.256752771425154,0.40913499392251,-0.408487448146122,-1.46596407622063,-0.555802968181957
"010A4","010A02367","Treatment3",2.39220204160011,1.86503136531884,0.363459358202306,1.62686531518852,2.7387442557997
"010A4","010A02368","Treatment3",-0.88599833728542,1.40813056888317,-0.00103796329125083,-0.388084388434115,0.0269378599667514
"010A4","010A02369","Treatment3",0.0851756992922196,-0.109888171401906,0.6126384468164,1.37135926039199,1.40605408548087
"010A4","010A02370","Treatment3",0.849081528106831,1.89643722121945,-1.37521756309427,0.619893566616341,0.537916931594142
"010A4","010A02371","Treatment3",2.12844226581541,0.644798373308446,0.658546714458315,0.972434944803404,0.324637716976239
"010A4","010A02372","Treatment3",0.588521895713616,-0.140606771595302,0.515562671264004,1.76663990982006,0.138390974721262
"010A4","010A02373","Treatment3",1.73915070840056,0.669802259558534,-1.10060346126013,0.0146836210530981,-0.303621542084907
"010A4","010A02374","Treatment3",-1.14455553575371,0.342812512579156,0.775973089169957,0.0384664138156571,1.84157635107538
"010A4","010A02375","Treatment3",1.94635652537848,0.600939594546104,0.554952639870908,0.268241662721235,1.12593065437828
"010A4","010A02376","Treatment3",-0.190560171665183,-0.47339415414828,0.269426645302742,1.56035377243819,0.531130707994185
"010A4","010A02377","Treatment3",0.223568914546148,-0.319825275253199,0.486783709396109,0.0252142954987282,-0.594913349469425
"010A4","010A02378","Treatment3",-0.609418759899437,1.86291896902543,0.884949196022327,0.324489719042286,0.0135859344413551
"010A4","010A02379","Treatment3",0.633869316429452,1.46137093053128,0.846723717001246,1.29632449908915,1.4530936832641
"010A4","010A02380","Treatment3",2.28533905173155,-0.383724474401114,0.0683872394213733,1.27874531585307,-0.494513348092816
"010A4","010A02381","Treatment3",2.92216335525159,-0.400092115436322,1.6501780393287,1.29680256624609,-0.0718703225180416
"010A4","010A02382","Treatment3",-0.576828902118412,2.22333313279683,0.463467807112121,0.549051572836338,1.28317318157029
"010A4","010A02383","Treatment3",0.985941110403099,2.40904216212893,0.364198578263436,1.26261293483482,0.881366421089077
"010A4","010A02384","Treatment3",1.88852173874429,-0.277141195855263,1.44461804564452,0.785993069636396,-0.10005817395716
"010A4","010A02385","Treatment3",0.304343182715456,-0.802305262613107,1.49204136167006,-0.132815038152827,2.15261512009413
"010A4","010A02386","Treatment3",0.281825202293789,3.12349516681868,-0.200669754968901,2.3043844808011,-0.690766935141588
"010A4","010A02387","Treatment3",0.195222045453555,0.729628914346807,-0.491058671834594,-1.36301097301425,1.91567745190252
"010A4","010A02388","Treatment3",1.09783272411144,0.686749892141885,-0.205618052658819,1.34552838121306,1.31417281719248
"010A4","010A02389","Treatment3",1.89742941081576,0.576136634950281,-0.675775893328217,0.841667682894606,-1.59757104835645
"010A4","010A02390","Treatment3",1.18761976123996,1.90486018632133,-1.28119695174032,0.522777606143469,0.820165082487674
"010A4","010A02391","Treatment3",0.820188014296969,0.308277764663683,0.810607521838391,-0.111399988446644,1.30102512042405
"010A4","010A02392","Treatment3",0.198130074222739,1.95939216415609,0.354889639050569,0.239473227525247,-0.291680654042778
"010A4","010A02393","Treatment3",0.998348685557949,0.279344548865459,1.14254975369246,2.30567031464304,0.489333736766032
"010A4","010A02394","Treatment3",-0.0495369179167563,1.00514588627314,0.498340637698696,0.403000732996349,-1.12351793994448
"010A4","010A02395","Treatment3",0.220743496362757,-0.533497006072879,0.909162962077351,0.115513300214943,-0.407567051887799
"010A4","010A02396","Treatment3",1.59651344311173,0.67047347145922,0.00394185268985242,-0.378362142505014,0.636766722422639
"010A4","010A02397","Treatment3",0.942013088178811,1.70066816089193,-0.460107958901165,0.00442147806308152,0.771187956531974
"010A4","010A02398","Treatment3",0.741016294026112,0.336594085234264,1.27813222457043,0.415707546425548,0.42633878479498
"010A4","010A02399","Treatment3",0.244392344644482,1.78247586312264,1.26112061632784,-0.857722067054995,-0.27443032842804
"010A4","010A02400","Treatment3",1.43103290148488,3.22719638791127,-1.23371218388323,1.64269781676707,1.09381613552619
"010A5","010A02401","Local Control",1.33491258537547,0.941924217330924,0.877294651826757,0.0978270374471885,1.32750455958168
"010A5","010A02402","Local Control",-0.869271763875442,-0.248614037279559,-1.77337143893369,1.46502102859676,-0.600835831817181
"010A5","010A02403","Local Control",0.0554869546651026,0.0964788597064851,-0.0456873243111543,0.990435852724289,0.0565068582510194
"010A5","010A02404","Local Control",0.0490669131919192,-0.433930941301739,-0.394872253984139,1.41438675072227,-0.531076289581877
"010A5","010A02405","Local Control",-0.578355728360897,2.17866786745157,-0.128056266421018,-1.33589776931334,-0.0808987843769502
"010A5","010A02406","Local Control",-0.998738655996004,-2.95877961913012,1.09623773188662,0.579583638393261,0.160755586671381
"010A5","010A02407","Local Control",-0.00243278000660164,0.0808882391991137,-1.2552178606199,-0.361821214298648,-0.102140564663634
"010A5","010A02408","Local Control",0.655511882812969,0.110137804617221,-0.265483694629895,-0.046852449651786,-0.354749969786071
"010A5","010A02409","Local Control",1.47684227897655,0.213448326312653,2.55330249004026,-0.599477471411771,-0.471227347093368
"010A5","010A02410","Local Control",-1.90915278827921,-1.55781961263232,-1.47830630595052,0.215104493222833,0.0340441773616117
"010A5","010A02411","Local Control",-0.702439473312409,0.216211546257758,-0.626587568230723,0.093631485479041,-0.200721207356766
"010A5","010A02412","Local Control",-0.311430218011919,0.18766381702644,-0.0410520223413907,-2.11983441513135,-0.544448628769274
"010A5","010A02413","Local Control",-1.66315703066738,1.2586221252136,0.199953219832439,0.852443088824704,0.377362269645537
"010A5","010A02414","Local Control",-0.75053344179229,0.523517780908964,-0.533305600527376,0.15437457231326,0.403728160580446
"010A5","010A02415","Local Control",-0.777351759181508,1.11545427747996,-0.266032317684011,-0.971861640205416,0.170236937543032
"010A5","010A02416","Local Control",-0.722569699859602,-0.95750224217047,1.08414781411867,-1.10142783592314,-1.10107992122072
"010A5","010A02417","Local Control",-2.18883459914707,-0.124405579855432,-0.180745479625044,-0.690244888297098,0.402469699291095
"010A5","010A02418","Local Control",0.213418550286554,0.191737829049968,0.251555319378233,-1.58363492221125,0.425816177210946
"010A5","010A02419","Local Control",-0.631922936254832,0.272217250603347,0.369542235154893,0.137766066513836,-0.283128718862383
"010A5","010A02420","Local Control",1.52049119383216,-0.693814463673255,0.407034259389767,1.50234395496283,0.553632072115556
"010A5","010A02421","Local Control",0.795955949415082,1.47917192085213,0.492505019245782,0.192881587148273,1.26435623247709
"010A5","010A02422","Local Control",-1.4535295651328,-0.611767021642771,0.0546325790523077,0.527154734523825,0.327802463194629
"010A5","010A02423","Local Control",0.0983954210058388,-1.61430997435935,-0.708674076161911,-1.48320629120238,0.765106373309395
"010A5","010A02424","Local Control",-0.593770984233154,0.402490110590671,-0.0582707524435477,-1.53920072330941,1.28257345881025
"010A5","010A02425","Local Control",0.888281168634515,0.664555447289484,-0.963421822237506,-0.896432886914323,1.65888693382934
"010A5","010A02426","Local Control",0.0530704154986665,0.944127070994937,0.0933932966058741,0.721069979748221,-0.480729813134911
"010A5","010A02427","Local Control",-0.557023625844656,-0.946260797708288,-0.347901133459108,-0.884501944686544,-0.407834514587087
"010A5","010A02428","Local Control",0.43839703617272,-0.248288449238896,-0.118334438145549,0.558598525708553,-0.328918791729082
"010A5","010A02429","Local Control",0.152608158642419,-1.32843646853908,-1.09909095717492,-0.218737504846289,1.10107658785062
"010A5","010A02430","Local Control",-0.164617581749564,0.844763742098917,-0.283076412422231,0.383623482386597,0.581717960782718
"010A5","010A02431","Local Control",2.01989062147597,0.347696732438648,-1.08973467284561,-1.03912011024684,0.957779202757363
"010A5","010A02432","Local Control",-0.529385886317261,0.913762586431107,-0.405665544099862,-0.948992248570827,0.301421804337359
"010A5","010A02433","Local Control",-0.470786972984042,0.608274553380681,0.526907259597763,-0.104160953983452,-0.288461063573085
"010A5","010A02434","Local Control",-1.54593692401752,-0.607547987804487,0.240419981775496,-0.208711102723908,-1.45615158789359
"010A5","010A02435","Local Control",-0.0405267232951771,0.179658070871844,0.898362457249366,-1.78873019525217,-1.70465154066219
"010A5","010A02436","Local Control",0.890356305470676,-1.90840941941738,0.487968126935476,0.537084421086505,2.01122119129553
"010A5","010A02437","Local Control",-2.07138785092921,0.502946257689095,0.111991365197539,-1.94969607009284,0.00396133245276825
"010A5","010A02438","Local Control",-0.250065120073019,0.968899153478499,0.998313347136219,-0.415234461553216,0.558221906568822
"010A5","010A02439","Local Control",-1.18165042665332,-0.875737125773327,1.19171680875342,0.0551296705930179,0.694493685600807
"010A5","010A02440","Local Control",1.44193726501691,-2.13602453869801,-1.39938756712371,-0.701999719088772,1.44632123678831
"010A5","010A02441","Local Control",1.35789553887886,-1.52282758158501,0.892147736646772,-1.40383903257398,0.633468743359524
"010A5","010A02442","Local Control",0.33450284734065,-1.11311820788607,0.777958970340806,-0.398823930892521,0.0263703369604992
"010A5","010A02443","Local Control",1.42933808040023,1.2409838955359,0.941914516346951,-0.110421799564805,0.742875516154548
"010A5","010A02444","Local Control",-0.867317850878684,0.00348193506299025,-0.908802712301102,-0.924078451273399,0.347303392127326
"010A5","010A02445","Local Control",0.950651724971886,-1.23779458599307,2.40893084447621,-1.35724300041576,-0.628654925909305
"010A5","010A02446","Local Control",-0.585011508633235,0.555699118898025,-2.59425017430808,-1.19460448275129,0.958491926298926
"010A5","010A02447","Local Control",0.320957522525629,-2.1831493493599,0.00686303751409396,-0.528487779287787,0.164441350143759
"010A5","010A02448","Local Control",-0.299396016664908,-0.247024457097248,0.118106668928336,-0.45262688672095,-0.034705900963032
"010A5","010A02449","Local Control",-0.278543083293069,1.11285692758645,-0.14969732641009,1.41948519316134,-0.920743815374439
"010A5","010A02450","Local Control",0.546115158329532,-0.341673237009086,0.747873287863168,-1.28568114451572,1.14805514963721
"010A5","010A02451","Local Control",-1.30382115364487,1.30543834214107,0.12403480689883,0.381148939361978,-0.389880110029636
"010A5","010A02452","Local Control",-0.25091446504246,1.79532387144079,-0.778054747212651,-0.417468601097774,-0.0992632632773881
"010A5","010A02453","Local Control",0.17100737371791,-1.16783522747345,1.41003330549222,0.092861420787736,-0.0279660623672148
"010A5","010A02454","Local Control",-0.403467478747509,-1.15228762498202,-0.293911808229858,-0.663584535776221,-0.0569888848706201
"010A5","010A02455","Local Control",0.104659440835727,-0.914455469345649,0.610678645005375,0.802827389507556,0.555659016748442
"010A5","010A02456","Local Control",-0.318880786734009,0.528728032533629,-0.666510079863262,-1.70308264539455,0.901923838993518
"010A5","010A02457","Local Control",1.61834393588343,0.835078927048582,-1.0598828782705,0.153907072564843,0.536623088234037
"010A5","010A02458","Local Control",0.714188601488617,1.20913697409153,-0.605838699162315,0.0260754999213632,-1.47118613826484
"010A5","010A02459","Local Control",2.96586536983324,1.29947254536082,-1.05684142085412,1.05586337908511,-2.40935940826857
"010A5","010A02460","Local Control",-0.795077604559211,1.07573230420989,0.53310647267496,-0.224467114350504,-0.365017377779538
"010A5","010A02461","Local Control",0.814365914679913,0.939801023514297,-1.55209261464742,0.496596389373037,-0.181268484634166
"010A5","010A02462","Local Control",2.09803081013037,0.163374693406766,-0.978489465308578,0.399633954636834,-0.149062942660811
"010A5","010A02463","Local Control",0.30098005515257,-0.888138558640392,0.0272183551599775,-0.646912750685488,-1.39271469385941
"010A5","010A02464","Local Control",-1.08307514183923,-0.726160982756351,-1.71557231699709,-0.0837627647875345,-0.679359244378277
"010A5","010A02465","Local Control",-1.00632250180328,0.407597005613739,-0.504888026492709,-0.133621200009519,-1.81911796861397
"010A5","010A02466","Local Control",-0.035414564917612,1.68353633925179,-0.304922680917571,1.11960385547419,2.63898221848215
"010A5","010A02467","Local Control",1.30912436085341,1.70597982356461,1.34607823542665,0.239220972582604,0.546608278218245
"010A5","010A02468","Local Control",0.750400486646719,-1.92616670082608,-0.257536690796696,0.290602215857855,-0.00615393892940771
"010A5","010A02469","Local Control",-2.13836832761242,-0.833998015228465,-0.523287300658334,2.34360141841864,-1.8901394678583
"010A5","010A02470","Local Control",-0.700354108866634,1.41913251633319,-0.663217798972631,0.4162981123864,-0.266783371165174
"010A5","010A02471","Local Control",-0.00905647529298544,-1.06410971501924,0.447221039692659,0.362481077869282,0.820431010197318
"010A5","010A02472","Local Control",-1.45813348724477,-1.61357747248045,-0.319450981926009,0.531682625476121,0.778193540049604
"010A5","010A02473","Local Control",0.694529646494869,0.599811088697427,-0.543778849936917,1.54804223833981,0.454092023522563
"010A5","010A02474","Local Control",-2.46133547518649,1.73296470538705,-0.279673442488512,0.961488300605771,1.41005217305168
"010A5","010A02475","Local Control",0.143289764040456,1.93450456245773,1.06523260036693,0.338436178606463,-1.81106410509648
"010A5","010A02476","Local Control",-0.391222119127056,0.532820575670794,1.56782874914562,-0.610953004269112,-1.10245174108699
"010A5","010A02477","Local Control",-0.491164085614075,0.719665756019785,-0.643112078958536,0.357052050410198,-0.0191678713168816
"010A5","010A02478","Local Control",-0.283647452452051,0.560093385755184,0.0205217485106878,0.141508679877188,0.149303719680044
"010A5","010A02479","Local Control",0.314794804707843,-0.018086931659967,-0.324184458375485,-1.83629134377865,-0.532431870264935
"010A5","010A02480","Local Control",0.396326577938989,-3.37173908255051,1.85739602217537,-1.54103104639384,1.19784612620355
"010A5","010A02481","Local Control",-0.22560371103596,0.760703244759755,0.590763995069064,-1.79438286441787,-2.0425957688947
"010A5","010A02482","Local Control",-1.92495043034056,-0.39122685224321,-1.7806267173964,1.41451490845874,-1.01431086481328
"010A5","010A02483","Local Control",-1.43922929832198,1.00990122381185,-0.434108699575314,0.618337891760976,1.60391822138318
"010A5","010A02484","Local Control",-1.4696577739724,-0.626973147073749,-2.29274971170602,-2.35045538719928,0.892350034157026
"010A5","010A02485","Local Control",0.761863446891932,-1.63457736950186,-0.0929652384515409,0.467031586094115,-1.51770556163796
"010A5","010A02486","Local Control",-0.24361498187128,1.24524265203048,0.70396445332971,0.0638319381435125,0.823528276152144
"010A5","010A02487","Local Control",0.269676607418008,0.181377446555404,-0.894489621256767,-0.256260441820274,0.365562248008499
"010A5","010A02488","Local Control",-1.55892752095582,3.4953042639856,-1.28250679207462,-0.74452203825337,-1.33092166830989
"010A5","010A02489","Local Control",-0.535588006696314,0.915591913326913,1.25578417415048,-1.26902527654423,0.3595761544677
"010A5","010A02490","Local Control",0.562451973173495,1.04850651742624,-0.964629979588376,0.862628007930791,0.892994609988693
"010A5","010A02491","Local Control",-0.178326123419918,0.763824936934856,0.907783881064091,-0.576934671897015,-0.995098995899314
"010A5","010A02492","Local Control",-0.115135986202651,-0.603387376859399,0.214073613669174,-0.13226734829003,0.51967192258579
"010A5","010A02493","Local Control",-0.0720614721063666,-0.370429662702776,0.881023122748974,0.586828100587993,-1.23573344828329
"010A5","010A02494","Local Control",1.2109098069263,1.05982593833365,1.00254499828277,0.535000276997602,0.529726874322073
"010A5","010A02495","Local Control",-0.614896900799703,1.05511052983939,1.13991050456775,-0.393409936967253,-0.983041720955936
"010A5","010A02496","Local Control",0.676126458314701,0.582972161120319,1.23603585230776,-0.540609417209361,-0.375745484254249
"010A5","010A02497","Local Control",0.898599605537552,-0.986567435539539,0.295401510142675,0.259450915234582,-1.04173538449989
"010A5","010A02498","Local Control",-1.18931790352102,1.68462181174398,0.171761023605458,-1.17827876100886,0.697667357430169
"010A5","010A02499","Local Control",0.121258849819009,-1.36684104568263,-0.955389282695438,0.306138478548671,-0.144448803419361
"010A5","010A02500","Local Control",-0.0112216861304115,-0.433214348611114,-1.21040912105673,0.173481229120353,0.498543397139294
